{
    "params": {
        "n": 0.3495662489413508,
        "eta": 130.37689153464856,
        "sigma_y": 98.49990840838471,
        "width": 4.228428955899223,
        "height": 3.2804390854551158
    },
    "predicted_flow_distance": [
        1.2926749820691568,
        1.2834501829770826,
        1.2347020507337565,
        1.152383470204592,
        1.0715431674726141,
        1.021268709089746,
        0.9884526581291437,
        0.9617578897224935
    ]
}