{
    "params": {
        "n": 0.3495662489413508,
        "eta": 130.37689153464856,
        "sigma_y": 98.49990840838471,
        "width": 4.228428955899223,
        "height": 3.2804390854551158
    },
    "predicted_flow_distance": [
        1.2926749820691559,
        1.2834501829770817,
        1.2347020507337567,
        1.152383470204591,
        1.071543167472615,
        1.0212687090897452,
        0.9884526581291434,
        0.9617578897224941
    ]
}